title,site,citations
VDARE,vdare.com,58
LifeSiteNews,lifesitenews.com,52
The_Gateway_Pundit,thegatewaypundit.com,45
Thierry_Meyssan,voltairenet.org,34
FrontPage_Magazine,frontpagemag.com,28
Ron_Unz,unz.com,24
Jihad_Watch,jihadwatch.org,23
Steve_Sailer,unz.com,20
Philip_Giraldi,unz.com,19
Peter_Brimelow,vdare.com,18
David_Horowitz,frontpagemag.com,17
David_Horowitz_Freedom_Center,frontpagemag.com,14
Michel_Chossudovsky,globalresearch.ca,12
Robert_B._Spencer,jihadwatch.org,11
John_Derbyshire,vdare.com,9
F._William_Engdahl,globalresearch.ca,8
Israel_Shamir,unz.com,8
Cassandra_MacDonald,thegatewaypundit.com,8
National_Vanguard_(United_States),stormfront.org,7
Don_Black_Stormfront_founder,stormfront.org,6
Pamela_Geller,jihadwatch.org,6
Alex_Jones,infowars.com,6
Pepe_Escobar,unz.com,6
American_History_X,stormfront.org,6
Renegade_(media_platform),stormfront.org,6
Carlo_Maria_Viganò,lifesitenews.com,6
Christopher_Cantwell,vdare.com,5
Owen_Shroyer,infowars.com,5
Pat_Buchanan,vdare.com,4
Bill_Warner_(writer),jihadwatch.org,4
Webster_Tarpley,globalresearch.ca,4
Cathy_O'Brien_author,infowars.com,3
National_Catholic_Reporter,lifesitenews.com,3
John_Derbyshire,unz.com,3
Hunter_(Pierce_novel),stormfront.org,3
Gloria_von_Thurn_und_Taxis,lifesitenews.com,3
Ethnic_Cleansing_(video_game),stormfront.org,3
Counter-jihad,jihadwatch.org,3
Human_Biodiversity_Institute,unz.com,3
InfoWars,infowars.com,3
Sam_Francis_(writer),vdare.com,3
Andrew_Anglin,unz.com,3
Apostolic_constitution,lifesitenews.com,2
Vladimir_Zelenko,infowars.com,2
Joe_Biggs,infowars.com,2
Steve_Pieczenik,infowars.com,2
Fjordman,jihadwatch.org,2
Martin_Webster,unz.com,2
Igor_Shafarevich,unz.com,2
Stormfront_(website),stormfront.org,2
Eurabia_political_thesis,jihadwatch.org,2
Udo_Ulfkotte,globalresearch.ca,2
Gerhard_Ludwig_Müller,lifesitenews.com,2
James_M._Cain,unz.com,2
Alison_Weir_(activist),unz.com,2
James_Alison,lifesitenews.com,2
Peter_Brimelow,unz.com,2
Abortion_in_Canada,lifesitenews.com,2
Jared_Taylor,vdare.com,2
Clinton_body_count,infowars.com,2
American_Front,stormfront.org,2
Lucian_Wintrich,thegatewaypundit.com,2
Sabo_(street_artist),thegatewaypundit.com,2
Caedite_eos._Novit_enim_Dominus_qui_sunt_eius.,unz.com,2
Dreams_from_My_Real_Father_documentary_film,frontpagemag.com,2
Razib_Khan,unz.com,2
Dvach,unz.com,2
David_Horowitz_Freedom_Center,jihadwatch.org,2
Joseph_diGenova,thegatewaypundit.com,1
Josh_Campbell_(journalist),thegatewaypundit.com,1
The_Daily_Stormer,thegatewaypundit.com,1
Freud's_Last_Session,frontpagemag.com,1
Al-Wala'_wal-Bara',jihadwatch.org,1
Princess_Milica_of_Montenegro,unz.com,1
Ras_Baraka,frontpagemag.com,1
Donna_Zuckerberg,unz.com,1
The_Whole_Town's_Talking,unz.com,1
Andrew_Cockburn,unz.com,1
Southern_Gothic,unz.com,1
Dick_Black_(politician),globalresearch.ca,1
Becky_stereotype,unz.com,1
Ken_Martin_(politician),frontpagemag.com,1
Kenana_ibn_al-Rabi,jihadwatch.org,1
Kenana_ibn_al-Rabi,frontpagemag.com,1
Forgiato_Blow,thegatewaypundit.com,1
The_American_Mercury,unz.com,1
I_Am_Not_a_Dog_on_a_Chain,unz.com,1
Janet_Nguyen,frontpagemag.com,1
The_King_of_Kings_(1927_film),unz.com,1
Herbert_Asbury,unz.com,1
Jay_Feely,thegatewaypundit.com,1
Lars_Vilks,jihadwatch.org,1
1776_Returns,thegatewaypundit.com,1
Evelyn_Farkas,thegatewaypundit.com,1
My_Friend_Hitler,unz.com,1
Joseph_W._Tobin,lifesitenews.com,1
Budhana,jihadwatch.org,1
Charles_Coughlin,unz.com,1
Yinon_Plan,voltairenet.org,1
Yinon_Plan,globalresearch.ca,1
George_Sassoon,unz.com,1
Barbara_Fried,unz.com,1
Norman_Angell,unz.com,1
Wayne_Allyn_Root,thegatewaypundit.com,1
Clemens_Arvay,globalresearch.ca,1
Vanessa_Beeley,globalresearch.ca,1
Religion_in_Europe,frontpagemag.com,1
Caroline_Cossey,unz.com,1
Castizo,unz.com,1
Jared_Taylor,unz.com,1
Murder_of_Seth_Rich,thegatewaypundit.com,1
Lowell_Thomas,unz.com,1
Victor_J._Glover,frontpagemag.com,1
Idriss_Aberkane,globalresearch.ca,1
Dixy_Lee_Ray,unz.com,1
Saxe-Weimar,unz.com,1
She_Hate_Me,unz.com,1
Curtis_Yarvin,unz.com,1
Crime_in_St._Louis,unz.com,1
Bend_Sinister_(novel),unz.com,1
Beni_Ḥassān,jihadwatch.org,1
Selous_Scouts,globalresearch.ca,1
James_Altman,lifesitenews.com,1
The_Coddling_of_the_American_Mind,unz.com,1
Murder_of_Betty_Van_Patter,frontpagemag.com,1
Beatrice_Wellington,frontpagemag.com,1
Karrin_Taylor_Robson,thegatewaypundit.com,1
Legal_status_of_human_sterilization_by_country,unz.com,1
Bill_Riccio,stormfront.org,1
Daniele_Ganser,globalresearch.ca,1
Jeremy_Bertino,thegatewaypundit.com,1
Crowned_republic,globalresearch.ca,1
Columba_Bush,unz.com,1
The_Protocols_of_the_Elders_of_Zion,unz.com,1
Richard_Stika,lifesitenews.com,1
Rick_Derringer,infowars.com,1
At-Tawbah,jihadwatch.org,1
Free_Patriotic_Movement,voltairenet.org,1
The_Bridge_on_the_River_Kwai,unz.com,1
Vittoria_Alliata_di_Villafranca,unz.com,1
Dag_Solstad,frontpagemag.com,1
Calixa_Lavallée,globalresearch.ca,1
Enrique_Bermúdez,unz.com,1
Rauf_Rashid_Abd_al-Rahman,thegatewaypundit.com,1
Michael_A._Hoffman_II,unz.com,1
Eva_Vlaardingerbroek,thegatewaypundit.com,1
Stop_Islamization_of_America_organization,jihadwatch.org,1
The_Rocky_Horror_Show,unz.com,1
Louis_Fischer,unz.com,1
Eva_Bartlett,globalresearch.ca,1
David_Ray_Griffin,unz.com,1
David_Rovics,unz.com,1
Pachamama,lifesitenews.com,1
Oleh_Tyahnybok,globalresearch.ca,1
Tragedy_and_Hope,unz.com,1
Tony_Martin_(professor),unz.com,1
Ann_Wright,globalresearch.ca,1
Heyward_Shepherd_monument,thegatewaypundit.com,1
André_Hoffmann_(businessman),lifesitenews.com,1
Pink_cat-eared_protest_hats,frontpagemag.com,1
Hassan_Yousef_(Hamas_leader),frontpagemag.com,1
Twitchy,unz.com,1
Ridley_Jones,lifesitenews.com,1
Wilhelm_Ritter_von_Leeb,frontpagemag.com,1
The_Grand_Chessboard,unz.com,1
MEChA,frontpagemag.com,1
Steve_Sailer,vdare.com,1
Jihad_Watch,frontpagemag.com,1
Webster_Tarpley,voltairenet.org,1
Fay_Stender,unz.com,1
Craig_Murray,unz.com,1
Wichita_Massacre,frontpagemag.com,1
"John_Churchill,_1st_Duke_of_Marlborough",unz.com,1
Michael_Czerny,lifesitenews.com,1
David_Clarke_(sheriff),frontpagemag.com,1
Sexual_Politics,frontpagemag.com,1
Siraj_Wahhaj,jihadwatch.org,1
Annie_Machon,globalresearch.ca,1
Federica_Mogherini,voltairenet.org,1
Albert_Maltz,unz.com,1
Phallophobia,frontpagemag.com,1
James_Wickstrom,stormfront.org,1
Ezola_Foster,unz.com,1
Timothy_Radcliffe,lifesitenews.com,1
Veterans_Today,globalresearch.ca,1
Mary_McAleese,lifesitenews.com,1
Exercise_RIMPAC,globalresearch.ca,1
Dimes_Square,unz.com,1
Earl_K._Fernandes,lifesitenews.com,1
Jane_Anderson_(journalist),unz.com,1
Red_Guards_(United_States),unz.com,1
NPC_(meme),thegatewaypundit.com,1
Friedrich_Hossbach,unz.com,1
Andr%C3%A9_Hoffmann_(businessman),lifesitenews.com,1
Janna_Jihad,jihadwatch.org,1
Oriana_Fallaci,jihadwatch.org,1
Dalia_Mogahed,jihadwatch.org,1
Joe_Biggs,thegatewaypundit.com,1
The_50_Year_Argument,frontpagemag.com,1
Alexander_Goldfarb_(biologist),unz.com,1
Grant_Napear,unz.com,1
Churchill_Hitler_and_World_War_II_book,unz.com,1
Church_grim,unz.com,1
Fenya,unz.com,1
The_White_Castle,unz.com,1
V.,unz.com,1
Brian_Kolfage,thegatewaypundit.com,1
USSA_satirical_acronym,unz.com,1
Michèle_Renouf,unz.com,1
Samuel_David_Hawkins,globalresearch.ca,1
Traditionis_custodes,lifesitenews.com,1
Scientific_misconduct,frontpagemag.com,1
Greater_Idaho_movement,unz.com,1
Verkhovna_Rada_of_Crimea,voltairenet.org,1
List_of_white_nationalist_organizations,unz.com,1
Kill_Haole_Day,unz.com,1
Gerard_Menuhin,unz.com,1
Athanasius_Schneider,lifesitenews.com,1
Cara_Castronuova,thegatewaypundit.com,1
Valerie_Jarrett,frontpagemag.com,1
Jovan_I._Deretić,globalresearch.ca,1
Sixteenth_Ordinary_General_Assembly_of_the_Synod_of_Bishops,lifesitenews.com,1
The_Hoax_of_the_Twentieth_Century_book,unz.com,1
The_Mind_of_the_Married_Man,unz.com,1
Steve_Ricchetti,frontpagemag.com,1
Ramparts_(magazine),unz.com,1
Mae_Brussell,globalresearch.ca,1
Dr._Hibbert,unz.com,1
Monday_Club,globalresearch.ca,1
Sword_Verse,jihadwatch.org,1
Cyril_M._Kornbluth,unz.com,1
Harold_Covington,stormfront.org,1
P._J._O'Rourke,unz.com,1
Emily_St._James,unz.com,1
Wafa_Sultan,jihadwatch.org,1
Wagner_family,unz.com,1
Robert_W._Malone,lifesitenews.com,1
Sean_Stone,infowars.com,1
Germar_Rudolf,unz.com,1
The_Nineties_(book),unz.com,1
Eastern_Front_historiography,unz.com,1
Yaşar_Güler,voltairenet.org,1
François_Lecointre,globalresearch.ca,1
Godfried_Danneels,lifesitenews.com,1
Synanon_(film),unz.com,1
Fourteen_Words,vdare.com,1
Passage_of_Martin_Luther_King_Jr._Day,unz.com,1
History_of_Venezuela_(1999–present),voltairenet.org,1
Human_Biodiversity_Institute,vdare.com,1
Andrew_Schlafly,thegatewaypundit.com,1
Ali_Sina_(activist),jihadwatch.org,1
The_Weekly_Standard,unz.com,1
Ossi_and_Wessi,unz.com,1
America_First_Political_Action_Conference,thegatewaypundit.com,1
Yasmeena_Ali,jihadwatch.org,1
Bernard_Faÿ,unz.com,1
Matthew_F._Collins,stormfront.org,1
Hugh_Trevor-Roper,unz.com,1
Catholic_Church_and_Islam,lifesitenews.com,1
Last_Days_of_Mussolini,unz.com,1
Ilse_Hess,unz.com,1
Silent_Running_political_tactic,infowars.com,1
Sergei_Trufanov,unz.com,1
Mollie_Hemingway,thegatewaypundit.com,1
A_History_of_the_Palestinian_People,frontpagemag.com,1
The_Remnant_(newspaper),lifesitenews.com,1
Daniel_Estulin,infowars.com,1
Daniel_Estulin,globalresearch.ca,1
William_Binney_(intelligence_official),thegatewaypundit.com,1
William_Bradford_Huie,unz.com,1
Bernt_Carlsson,globalresearch.ca,1
This_machine_kills_fascists,unz.com,1
Nathaniel_Macon,unz.com,1
Grigory_Sokolnikov,unz.com,1
Ethan_Nordean,thegatewaypundit.com,1
Farewell_to_the_King,unz.com,1
White_Aethiopians,unz.com,1
White_Girl_Bleed_a_Lot_book,unz.com,1
White_Girl_Bleed_a_Lot_book,frontpagemag.com,1
Creativity_(religion),unz.com,1
AUF1_(channel),infowars.com,1
A_Bright_Shining_Lie:_John_Paul_Vann_and_America_in_Vietnam,vdare.com,1
Dark_Command,unz.com,1
Tahar_Ben_Jelloun,jihadwatch.org,1
Jaden_McNeil,thegatewaypundit.com,1
Susan_Del_Percio,thegatewaypundit.com,1
Maram_Susli,infowars.com,1
Taki's_Magazine,unz.com,1
Taki's_Magazine,vdare.com,1
Oulu_child_sexual_exploitation_scandal,vdare.com,1
Poison_(story),unz.com,1
Legislative_chamber,lifesitenews.com,1
Gaudeamus_igitur,unz.com,1
The_Literary_Digest,unz.com,1
The_Long_Slide,unz.com,1
José_Cobo_Cano,lifesitenews.com,1
Underground_hip_hop,globalresearch.ca,1
Audrey_Strauss,thegatewaypundit.com,1
Darby_Military_Community,voltairenet.org,1
John_Crowe_Ransom,unz.com,1
John_DeCamp,unz.com,1
Trump_Card_(2020_film),frontpagemag.com,1
Alex_Rosen,infowars.com,1
Old_Right_(United_States),unz.com,1
Outline_of_the_Post-War_New_World_Map,globalresearch.ca,1
Sons_of_the_Most_Holy_Redeemer,lifesitenews.com,1
Milo_Yiannopoulos,lifesitenews.com,1
Bundy_standoff,thegatewaypundit.com,1
Inna_Zhvanetskaya,thegatewaypundit.com,1
Madison_Grant,unz.com,1
Anthony_Fisher,lifesitenews.com,1
Aryan_Guard,stormfront.org,1
Maxime_Bernier,lifesitenews.com,1
World_League_for_Freedom_and_Democracy,voltairenet.org,1
FJB_anti-Biden_slogan,thegatewaypundit.com,1
"Merry_Christmas,_Mr._Lawrence",unz.com,1
Jason_Jorjani,unz.com,1
Jason_Kessler,vdare.com,1
American_Pimp,unz.com,1
Michel_Aoun,voltairenet.org,1
Matthew_F._Hale,stormfront.org,1
Derek_Black,stormfront.org,1
Noel_Ignatiev,frontpagemag.com,1
Kevin_Jennings,thegatewaypundit.com,1
Kevin_MacDonald_(evolutionary_psychologist),unz.com,1
Vivian_Kubrick,infowars.com,1
Yao_Ming,unz.com,1
Malcolm_Cowley,unz.com,1
July_Theses,unz.com,1
Frank_Fay_(comedian),unz.com,1
Frank_Pavone,lifesitenews.com,1
Michael_Weiss_(journalist),unz.com,1
Christine_Anderson,lifesitenews.com,1
George_Bird_Grinnell,unz.com,1
You_Gentiles,unz.com,1
Robert_B._Spencer,frontpagemag.com,1
America_First_Political_Action_Conference,unz.com,1
Went_the_Day_Well%3F,unz.com,1
Redemptorists,lifesitenews.com,1
Leave_the_World_Behind,frontpagemag.com,1
Hitler's_War,unz.com,1
Sivas_massacre,jihadwatch.org,1
87th_Precinct,unz.com,1
Xuxa,unz.com,1
Oday_Aboushi,frontpagemag.com,1
Murid,jihadwatch.org,1
The_Power_of_Positive_Thinking,unz.com,1
Laura_Loomer,thegatewaypundit.com,1
The_war_to_end_war,voltairenet.org,1
Russell_Blaylock,infowars.com,1
Russell_Kirk,unz.com,1
My_Son_Hunter,frontpagemag.com,1
Islamic_missionary_activity,jihadwatch.org,1
Razib_Khan,vdare.com,1
Islam_in_Houston,jihadwatch.org,1
Russian_cruiser_Ochakov,thegatewaypundit.com,1
I've_Heard_the_Mermaids_Singing,unz.com,1
COVID-19_pandemic_in_Japan,lifesitenews.com,1
Desmond_Napoles,lifesitenews.com,1
The_Talmud_Unmasked_Pranaitis_book,unz.com,1
The_Pedestrian,unz.com,1
Nick_Searcy,thegatewaypundit.com,1
Simon_Guggenheim,unz.com,1
On_the_Marble_Cliffs,unz.com,1
Diana_Iovanovici_Șoșoacă,globalresearch.ca,1
Michelle_Malkin,unz.com,1
Shane_R._Reeves,thegatewaypundit.com,1
Alternative_right_movement,vdare.com,1
